<resources>
    <dimen name="fab_margin">16dp</dimen>
	<dimen name="shapecard_height">190dp</dimen>
	<dimen name="fish_icon_width">120dp</dimen>
	<dimen name="fish_icon_height">120dp</dimen>
	<dimen name="grid_linlayout_padding">10dp</dimen>
	<dimen name="grid_linlayout_margin">16dp</dimen>
	<dimen name="textview_small_padding">16dp</dimen>
	<dimen name="button_linlayout_padding">20dp</dimen>
	<dimen name="image_padding">10dp</dimen>
	<dimen name="spinner_top_margin">10dp</dimen>
	<dimen name="spinner_horizontal_margin">50dp</dimen>
	<dimen name="spinner_width">200dp</dimen>

	<!-- For expenses page -->
	<dimen name="expenses_textview_width">140dp</dimen>
</resources>
