<resources>
    <string name="app_name">Aquaria Toolkit</string>
	<string name="app_author">by Francis Tayag</string>
	<string name="app_project">IT140P Machine Problem</string>
	<string name="action_settings">Settings</string>
	<string name="results_placeholder">[RESULTS GOES HERE (HIDE)]</string>

	<!-- Portal -->
	<string name="portal_header">Aquaria Portal</string>
	<string name="portal_subtitle">Navigate to your desired page</string>
	<string name="portal_volume">Volume Calculator</string>
	<string name="portal_expenses">Expenses</string>
	<string name="portal_compatibility">Fish Compatibility</string>
	<string name="portal_conversion">Unit Conversion</string>
	<string name="portal_about">About</string>

	<!-- Volume Calculator Page -->
	<string name="volcalc_header">Volume Calculator</string>
	<string name="volcalc_part1_header">Choose the shape of your aquarium</string>
	<string name="volcalc_shape_rectangle">Rectangle</string>
	<string name="volcalc_shape_bowfront">Bow front</string>
	<string name="volcalc_shape_triangle">Triangle</string>
	<string name="volcalc_shape_cornerpentagon">Corner Pentagon</string>
	<string name="volcalc_shape_cylinder">Cylinder</string>
	<string name="volcalc_shape_halfcylinder">Half Cylinder</string>
	<string name="volcalc_shape_quartercylinder">Quarter Cylinder</string>
	<string name="volcalc_prompt">Calculation inputs</string>
	<string name="volcalc_button">Calculate Volume</string>
	<string name="volcalc_results_placeholder">Results</string>
	
	<!-- Expenses page -->
	<string name="expenses_header">Calculate Expenses</string>
	<string name="expenses_electricity">Electricity Costs</string>
	<string name="expenses_others">Other costs</string>
	<string name="expenses_estimated_total">Estimated total</string>
	<string name="expenses_electricty_charge_placeholder">MERALCO CHARGE PER KWH</string>
	<string name="expenses_water_wh">Water Filters (w/Hr)</string>
	<string name="expenses_lighting_wh">Lighting (w/Hr)</string>
	<string name="expenses_heaters_wh">Heaters (w/Hr)</string>
	<string name="expenses_filter_foams">Filter foams (₱)</string>
	<string name="expenses_fish_food">Fish Food (₱/Kg)</string>
	<string name="expenses_meralco_charge">Electricity rate (Meralco)</string>
	<string name="expenses_total_placeholder">------</string>
	<string name="expenses_others_total">Other costs (Monthly)</string>
	<string name="expenses_electricity_total">Electricity costs (Monthly)</string>
	<string name="expenses_monthly_total">Estimated Expenses (Monthly)</string>
	<string name="expenses_annually_total">Estimated Expenses (Annually)</string>
	<string name="expenses_compute_button">Compute</string>
	
	<!-- Fish compatibility page -->
	<string name="fishcom_header">Fish Compatibility</string>
	<string name="fishcom_fish1_prompt">Select Fish #1</string>
	<string name="fishcom_fish2_prompt">Select Fish #2</string>
	<string name="fishcom_btn_submit">Check Compatibility</string>

	<!-- Unit Conversion page -->
	<string name="uconv_header">Unit Conversion</string>
	<string name="uconv_measurement_prompt">Convert for</string>
	<string name="uconv_to">To</string>
	<string name="uconv_value_prompt">Enter value to convert</string>
	<string name="uconv_button_convert">Convert</string>

	<!-- About Page -->
	<string name="about_header">About and Credits</string>
	<string name="about_article1_header">About this App</string>
	<string name="about_article1_body">
		This application is a general toolkit for people who engage in the hobby of fishkeeping. 
		Developed by Francis Tayag for IT140P Machine Problem.
	</string>
	<string name="about_article2_header">Credits and Attributions</string>
	<string name="about_article2_body">
		Images and icon were sourced from flaticon.com. 
		Fish compatibilities were sourced from AquariumIndustries.com.au. 
		The formula for finding the volume of the bow front aquarium was sourced from InchCalculator\'s Aquarium Tank Volume Calculator.
	</string>

</resources>
